name,number,img_url,link,img
Alisson Becker,13,https://d3j2s6hdd6a7rg.cloudfront.net/v2/uploads/media/misc/0001/70/thumb_69945_misc_general_500.jpeg,https://www.liverpoolfc.com/team/first-team/player/alisson-becker,"<img alt= ""Alisson Becker"" src = ""https://d3j2s6hdd6a7rg.cloudfront.net/v2/uploads/media/misc/0001/70/thumb_69945_misc_general_500.jpeg"" width = ""100""/>"
Simon Mignolet,22,https://d3j2s6hdd6a7rg.cloudfront.net/v2/uploads/media/misc/0001/70/thumb_69999_misc_general_500.jpeg,https://www.liverpoolfc.com/team/first-team/player/simon-mignolet,"<img alt= ""Simon Mignolet"" src = ""https://d3j2s6hdd6a7rg.cloudfront.net/v2/uploads/media/misc/0001/70/thumb_69999_misc_general_500.jpeg"" width = ""100""/>"
Caoimhin Kelleher,62,https://d3j2s6hdd6a7rg.cloudfront.net/v2/uploads/media/misc/0001/70/thumb_69996_misc_general_500.jpeg,https://www.liverpoolfc.com/team/first-team/player/caoimhin-kelleher,"<img alt= ""Caoimhin Kelleher"" src = ""https://d3j2s6hdd6a7rg.cloudfront.net/v2/uploads/media/misc/0001/70/thumb_69996_misc_general_500.jpeg"" width = ""100""/>"
Virgil van Dijk,4,https://d3j2s6hdd6a7rg.cloudfront.net/v2/uploads/media/misc/0001/71/thumb_70012_misc_general_500.jpeg,https://www.liverpoolfc.com/team/first-team/player/virgil-van-dijk,"<img alt= ""Virgil van Dijk"" src = ""https://d3j2s6hdd6a7rg.cloudfront.net/v2/uploads/media/misc/0001/71/thumb_70012_misc_general_500.jpeg"" width = ""100""/>"
Dejan Lovren,6,https://d3j2s6hdd6a7rg.cloudfront.net/v2/uploads/media/misc/0001/72/thumb_71690_misc_general_500.jpeg,https://www.liverpoolfc.com/team/first-team/player/dejan-lovren,"<img alt= ""Dejan Lovren"" src = ""https://d3j2s6hdd6a7rg.cloudfront.net/v2/uploads/media/misc/0001/72/thumb_71690_misc_general_500.jpeg"" width = ""100""/>"
Joe Gomez,12,https://d3j2s6hdd6a7rg.cloudfront.net/v2/uploads/media/misc/0001/70/thumb_69956_misc_general_500.jpeg,https://www.liverpoolfc.com/team/first-team/player/joe-gomez,"<img alt= ""Joe Gomez"" src = ""https://d3j2s6hdd6a7rg.cloudfront.net/v2/uploads/media/misc/0001/70/thumb_69956_misc_general_500.jpeg"" width = ""100""/>"
Alberto Moreno,18,https://d3j2s6hdd6a7rg.cloudfront.net/v2/uploads/media/misc/0001/72/thumb_71692_misc_general_500.jpeg,https://www.liverpoolfc.com/team/first-team/player/alberto-moreno,"<img alt= ""Alberto Moreno"" src = ""https://d3j2s6hdd6a7rg.cloudfront.net/v2/uploads/media/misc/0001/72/thumb_71692_misc_general_500.jpeg"" width = ""100""/>"
Andy Robertson,26,https://d3j2s6hdd6a7rg.cloudfront.net/v2/uploads/media/misc/0001/71/thumb_70006_misc_general_500.jpeg,https://www.liverpoolfc.com/team/first-team/player/andy-robertson,"<img alt= ""Andy Robertson"" src = ""https://d3j2s6hdd6a7rg.cloudfront.net/v2/uploads/media/misc/0001/71/thumb_70006_misc_general_500.jpeg"" width = ""100""/>"
Joel Matip,32,https://d3j2s6hdd6a7rg.cloudfront.net/v2/uploads/media/misc/0001/70/thumb_69998_misc_general_500.jpeg,https://www.liverpoolfc.com/team/first-team/player/joel-matip,"<img alt= ""Joel Matip"" src = ""https://d3j2s6hdd6a7rg.cloudfront.net/v2/uploads/media/misc/0001/70/thumb_69998_misc_general_500.jpeg"" width = ""100""/>"
Nathaniel Phillips,47,https://d3j2s6hdd6a7rg.cloudfront.net/v2/uploads/media/misc/0001/71/thumb_70005_misc_general_500.jpeg,https://www.liverpoolfc.com/team/first-team/player/nathaniel-phillips,"<img alt= ""Nathaniel Phillips"" src = ""https://d3j2s6hdd6a7rg.cloudfront.net/v2/uploads/media/misc/0001/71/thumb_70005_misc_general_500.jpeg"" width = ""100""/>"
Trent Alexander-Arnold,66,https://d3j2s6hdd6a7rg.cloudfront.net/v2/uploads/media/misc/0001/71/thumb_70011_misc_general_500.jpeg,https://www.liverpoolfc.com/team/first-team/player/trent-alexander-arnold,"<img alt= ""Trent Alexander-Arnold"" src = ""https://d3j2s6hdd6a7rg.cloudfront.net/v2/uploads/media/misc/0001/71/thumb_70011_misc_general_500.jpeg"" width = ""100""/>"
Fabinho,3,https://d3j2s6hdd6a7rg.cloudfront.net/v2/uploads/media/misc/0001/70/thumb_69953_misc_general_500.jpeg,https://www.liverpoolfc.com/team/first-team/player/fabinho,"<img alt= ""Fabinho"" src = ""https://d3j2s6hdd6a7rg.cloudfront.net/v2/uploads/media/misc/0001/70/thumb_69953_misc_general_500.jpeg"" width = ""100""/>"
Georginio Wijnaldum,5,https://d3j2s6hdd6a7rg.cloudfront.net/v2/uploads/media/misc/0001/71/thumb_70013_misc_general_500.jpeg,https://www.liverpoolfc.com/team/first-team/player/georginio-wijnaldum,"<img alt= ""Georginio Wijnaldum"" src = ""https://d3j2s6hdd6a7rg.cloudfront.net/v2/uploads/media/misc/0001/71/thumb_70013_misc_general_500.jpeg"" width = ""100""/>"
James Milner,7,https://d3j2s6hdd6a7rg.cloudfront.net/v2/uploads/media/misc/0001/72/thumb_71691_misc_general_500.jpeg,https://www.liverpoolfc.com/team/first-team/player/james-milner,"<img alt= ""James Milner"" src = ""https://d3j2s6hdd6a7rg.cloudfront.net/v2/uploads/media/misc/0001/72/thumb_71691_misc_general_500.jpeg"" width = ""100""/>"
Naby Keita,8,https://d3j2s6hdd6a7rg.cloudfront.net/v2/uploads/media/misc/0001/70/thumb_69990_misc_general_500.jpeg,https://www.liverpoolfc.com/team/first-team/player/naby-keita,"<img alt= ""Naby Keita"" src = ""https://d3j2s6hdd6a7rg.cloudfront.net/v2/uploads/media/misc/0001/70/thumb_69990_misc_general_500.jpeg"" width = ""100""/>"
Jordan Henderson,14,https://d3j2s6hdd6a7rg.cloudfront.net/v2/uploads/media/misc/0001/70/thumb_69958_misc_general_500.jpeg,https://www.liverpoolfc.com/team/first-team/player/jordan-henderson,"<img alt= ""Jordan Henderson"" src = ""https://d3j2s6hdd6a7rg.cloudfront.net/v2/uploads/media/misc/0001/70/thumb_69958_misc_general_500.jpeg"" width = ""100""/>"
Adam Lallana,20,https://d3j2s6hdd6a7rg.cloudfront.net/v2/uploads/media/misc/0001/72/thumb_71689_misc_general_500.jpeg,https://www.liverpoolfc.com/team/first-team/player/adam-lallana,"<img alt= ""Adam Lallana"" src = ""https://d3j2s6hdd6a7rg.cloudfront.net/v2/uploads/media/misc/0001/72/thumb_71689_misc_general_500.jpeg"" width = ""100""/>"
Alex Oxlade-Chamberlain,21,https://d3j2s6hdd6a7rg.cloudfront.net/v2/uploads/media/misc/0001/72/thumb_71693_misc_general_500.jpeg,https://www.liverpoolfc.com/team/first-team/player/alex-oxlade-chamberlain,"<img alt= ""Alex Oxlade-Chamberlain"" src = ""https://d3j2s6hdd6a7rg.cloudfront.net/v2/uploads/media/misc/0001/72/thumb_71693_misc_general_500.jpeg"" width = ""100""/>"
Xherdan Shaqiri,23,https://d3j2s6hdd6a7rg.cloudfront.net/v2/uploads/media/misc/0001/71/thumb_70009_misc_general_500.jpeg,https://www.liverpoolfc.com/team/first-team/player/xherdan-shaqiri,"<img alt= ""Xherdan Shaqiri"" src = ""https://d3j2s6hdd6a7rg.cloudfront.net/v2/uploads/media/misc/0001/71/thumb_70009_misc_general_500.jpeg"" width = ""100""/>"
Curtis Jones,48,https://d3j2s6hdd6a7rg.cloudfront.net/v2/uploads/media/misc/0001/70/thumb_69988_misc_general_500.jpeg,https://www.liverpoolfc.com/team/first-team/player/curtis-jones,"<img alt= ""Curtis Jones"" src = ""https://d3j2s6hdd6a7rg.cloudfront.net/v2/uploads/media/misc/0001/70/thumb_69988_misc_general_500.jpeg"" width = ""100""/>"
Ben Woodburn,58,https://d3j2s6hdd6a7rg.cloudfront.net/v2/uploads/media/misc/0001/50/thumb_49325_misc_general_500.jpeg,https://www.liverpoolfc.com/team/first-team/player/ben-woodburn,"<img alt= ""Ben Woodburn"" src = ""https://d3j2s6hdd6a7rg.cloudfront.net/v2/uploads/media/misc/0001/50/thumb_49325_misc_general_500.jpeg"" width = ""100""/>"
Rafael Camacho,64,https://d3j2s6hdd6a7rg.cloudfront.net/v2/uploads/media/misc/0001/70/thumb_69949_misc_general_500.jpeg,https://www.liverpoolfc.com/team/first-team/player/rafael-camacho,"<img alt= ""Rafael Camacho"" src = ""https://d3j2s6hdd6a7rg.cloudfront.net/v2/uploads/media/misc/0001/70/thumb_69949_misc_general_500.jpeg"" width = ""100""/>"
Roberto Firmino,9,https://d3j2s6hdd6a7rg.cloudfront.net/v2/uploads/media/misc/0001/70/thumb_69955_misc_general_500.jpeg,https://www.liverpoolfc.com/team/first-team/player/roberto-firmino,"<img alt= ""Roberto Firmino"" src = ""https://d3j2s6hdd6a7rg.cloudfront.net/v2/uploads/media/misc/0001/70/thumb_69955_misc_general_500.jpeg"" width = ""100""/>"
Sadio Mane,10,https://d3j2s6hdd6a7rg.cloudfront.net/v2/uploads/media/misc/0001/70/thumb_69997_misc_general_500.jpeg,https://www.liverpoolfc.com/team/first-team/player/sadio-mane,"<img alt= ""Sadio Mane"" src = ""https://d3j2s6hdd6a7rg.cloudfront.net/v2/uploads/media/misc/0001/70/thumb_69997_misc_general_500.jpeg"" width = ""100""/>"
Mohamed Salah,11,https://d3j2s6hdd6a7rg.cloudfront.net/v2/uploads/media/misc/0001/71/thumb_70007_misc_general_500.jpeg,https://www.liverpoolfc.com/team/first-team/player/mohamed-salah,"<img alt= ""Mohamed Salah"" src = ""https://d3j2s6hdd6a7rg.cloudfront.net/v2/uploads/media/misc/0001/71/thumb_70007_misc_general_500.jpeg"" width = ""100""/>"
Daniel Sturridge,15,https://d3j2s6hdd6a7rg.cloudfront.net/v2/uploads/media/misc/0001/71/thumb_70010_misc_general_500.jpeg,https://www.liverpoolfc.com/team/first-team/player/daniel-sturridge,"<img alt= ""Daniel Sturridge"" src = ""https://d3j2s6hdd6a7rg.cloudfront.net/v2/uploads/media/misc/0001/71/thumb_70010_misc_general_500.jpeg"" width = ""100""/>"
Rhian Brewster,24,https://d3j2s6hdd6a7rg.cloudfront.net/v2/uploads/media/misc/0001/72/thumb_71688_misc_general_500.jpeg,https://www.liverpoolfc.com/team/first-team/player/rhian-brewster,"<img alt= ""Rhian Brewster"" src = ""https://d3j2s6hdd6a7rg.cloudfront.net/v2/uploads/media/misc/0001/72/thumb_71688_misc_general_500.jpeg"" width = ""100""/>"
Divock Origi,27,https://d3j2s6hdd6a7rg.cloudfront.net/v2/uploads/media/misc/0001/71/thumb_70001_misc_general_500.jpeg,https://www.liverpoolfc.com/team/first-team/player/divock-origi,"<img alt= ""Divock Origi"" src = ""https://d3j2s6hdd6a7rg.cloudfront.net/v2/uploads/media/misc/0001/71/thumb_70001_misc_general_500.jpeg"" width = ""100""/>"
Loris Karius,1,https://d3j2s6hdd6a7rg.cloudfront.net/v2/uploads/media/misc/0001/70/thumb_69989_misc_general_500.jpeg,https://www.liverpoolfc.com/team/first-team/player/loris-karius,"<img alt= ""Loris Karius"" src = ""https://d3j2s6hdd6a7rg.cloudfront.net/v2/uploads/media/misc/0001/70/thumb_69989_misc_general_500.jpeg"" width = ""100""/>"
Nathaniel Clyne,2,https://d3j2s6hdd6a7rg.cloudfront.net/v2/uploads/media/misc/0001/70/thumb_69952_misc_general_500.jpeg,https://www.liverpoolfc.com/team/first-team/player/nathaniel-clyne,"<img alt= ""Nathaniel Clyne"" src = ""https://d3j2s6hdd6a7rg.cloudfront.net/v2/uploads/media/misc/0001/70/thumb_69952_misc_general_500.jpeg"" width = ""100""/>"
Marko Grujic,16,https://d3j2s6hdd6a7rg.cloudfront.net/v2/uploads/media/misc/0001/70/thumb_69957_misc_general_500.jpeg,https://www.liverpoolfc.com/team/first-team/player/marko-grujic,"<img alt= ""Marko Grujic"" src = ""https://d3j2s6hdd6a7rg.cloudfront.net/v2/uploads/media/misc/0001/70/thumb_69957_misc_general_500.jpeg"" width = ""100""/>"
Danny Ings,28,https://d3j2s6hdd6a7rg.cloudfront.net/v2/uploads/media/misc/0001/70/thumb_69959_misc_general_500.jpeg,https://www.liverpoolfc.com/team/first-team/player/danny-ings,"<img alt= ""Danny Ings"" src = ""https://d3j2s6hdd6a7rg.cloudfront.net/v2/uploads/media/misc/0001/70/thumb_69959_misc_general_500.jpeg"" width = ""100""/>"
Adam Bogdan,34,https://d3j2s6hdd6a7rg.cloudfront.net/v2/uploads/media/misc/0001/50/thumb_49294_misc_general_500.jpeg,https://www.liverpoolfc.com/team/first-team/player/adam-bogdan,"<img alt= ""Adam Bogdan"" src = ""https://d3j2s6hdd6a7rg.cloudfront.net/v2/uploads/media/misc/0001/50/thumb_49294_misc_general_500.jpeg"" width = ""100""/>"
Ryan Kent,40,https://d3j2s6hdd6a7rg.cloudfront.net/v2/uploads/media/misc/0001/50/thumb_49306_misc_general_500.jpeg,https://www.liverpoolfc.com/team/first-team/player/ryan-kent,"<img alt= ""Ryan Kent"" src = ""https://d3j2s6hdd6a7rg.cloudfront.net/v2/uploads/media/misc/0001/50/thumb_49306_misc_general_500.jpeg"" width = ""100""/>"
Ovie Ejaria,53,https://d3j2s6hdd6a7rg.cloudfront.net/v2/uploads/media/misc/0001/50/thumb_49298_misc_general_500.jpeg,https://www.liverpoolfc.com/team/first-team/player/ovie-ejaria,"<img alt= ""Ovie Ejaria"" src = ""https://d3j2s6hdd6a7rg.cloudfront.net/v2/uploads/media/misc/0001/50/thumb_49298_misc_general_500.jpeg"" width = ""100""/>"
Sheyi Ojo,54,https://d3j2s6hdd6a7rg.cloudfront.net/v2/uploads/media/misc/0001/26/thumb_25355_misc_general_500.jpeg,https://www.liverpoolfc.com/team/first-team/player/sheyi-ojo,"<img alt= ""Sheyi Ojo"" src = ""https://d3j2s6hdd6a7rg.cloudfront.net/v2/uploads/media/misc/0001/26/thumb_25355_misc_general_500.jpeg"" width = ""100""/>"
Harry Wilson,59,https://d3j2s6hdd6a7rg.cloudfront.net/v2/uploads/media/misc/0001/50/thumb_49324_misc_general_500.jpeg,https://www.liverpoolfc.com/team/first-team/player/harry-wilson,"<img alt= ""Harry Wilson"" src = ""https://d3j2s6hdd6a7rg.cloudfront.net/v2/uploads/media/misc/0001/50/thumb_49324_misc_general_500.jpeg"" width = ""100""/>"
Pedro Chirivella,68,https://d3j2s6hdd6a7rg.cloudfront.net/v2/uploads/media/misc/0001/26/thumb_25335_misc_general_500.jpeg,https://www.liverpoolfc.com/team/first-team/player/pedro-chirivella,"<img alt= ""Pedro Chirivella"" src = ""https://d3j2s6hdd6a7rg.cloudfront.net/v2/uploads/media/misc/0001/26/thumb_25335_misc_general_500.jpeg"" width = ""100""/>"
Kamil Grabara,73,https://d3j2s6hdd6a7rg.cloudfront.net/v2/uploads/media/misc/0001/70/thumb_69964_misc_general_500.jpeg,https://www.liverpoolfc.com/team/first-team/player/kamil-grabara,"<img alt= ""Kamil Grabara"" src = ""https://d3j2s6hdd6a7rg.cloudfront.net/v2/uploads/media/misc/0001/70/thumb_69964_misc_general_500.jpeg"" width = ""100""/>"
Allan,,https://d3j2s6hdd6a7rg.cloudfront.net/v2/uploads/media/misc/0001/24/thumb_23741_misc_general_500.jpeg,https://www.liverpoolfc.com/team/first-team/player/allan,"<img alt= ""Allan"" src = ""https://d3j2s6hdd6a7rg.cloudfront.net/v2/uploads/media/misc/0001/24/thumb_23741_misc_general_500.jpeg"" width = ""100""/>"
Taiwo Awoniyi,,https://d3j2s6hdd6a7rg.cloudfront.net/v2/uploads/media/misc/0001/69/thumb_68336_misc_general_500.jpeg,https://www.liverpoolfc.com/team/first-team/player/taiwo-awoniyi,"<img alt= ""Taiwo Awoniyi"" src = ""https://d3j2s6hdd6a7rg.cloudfront.net/v2/uploads/media/misc/0001/69/thumb_68336_misc_general_500.jpeg"" width = ""100""/>"
